Country,Year,IncomeTax,GSTax,TotalPersonalTax,CorporateTax,Unemployment,RGDPcapita,Region,Inflation,ElectricityUsage,LEU,LFPR
Australia,1995,40.61,29.015,69.625,14.751,8.472281,22098.57288,Oceania,4.638135783,8994.35591,3.953970069,73.964612
Australia,1996,41.266,27.954,69.22,15.041,8.506114,22974.73917,Oceania,2.6124197,9108.29556,3.959437115,74.03052065
Australia,1997,41.987,27.543,69.53,14.583,8.362488,24160.25514,Oceania,0.250417362,9291.083869,3.96806638,73.59248429
Australia,1998,44.407,27.372,71.779,14.542,7.677429,25342.18977,Oceania,0.853455454,9783.442895,3.990491714,73.516061
Australia,1999,44.401,26.209,70.61,15.595,6.873791,26777.75563,Oceania,1.465428277,10036.45778,4.001580462,73.33768196
Australia,2000,37.762,28.724,66.486,20.252,6.285546,27888.22951,Oceania,4.475183076,10193.91218,4.008340888,73.7935979
Australia,2001,41.241,30.385,71.626,15.055,6.742173,29133.08851,Oceania,4.380841121,10636.37769,4.02679375,74.05630031
Australia,2002,39.586,30.424,70.01,16.643,6.368911,29133.08851,Oceania,3.00317105,10813.12273,4.033951132,74.14859534
Australia,2003,39.734,29.895,69.629,16.574,5.92842,31827.64206,Oceania,2.770735241,10434.87439,4.018487226,74.48884898
Australia,2004,40.131,28.711,68.842,18.07,5.396734,33454.90467,Oceania,2.343612335,10554.81582,4.023450659,74.3690701
Australia,2005,39.578,28.093,67.671,19.232,5.033881,35068.84566,Oceania,2.668732782,10458.45019,4.019467332,75.39741843
Australia,2006,37.261,27.606,64.867,21.361,4.78524,37138.28415,Oceania,3.538487339,10490.48454,4.020795548,75.80275622
Australia,2007,36.685,27.062,63.747,22.585,4.379151,38775.78024,Oceania,2.332361516,10972.89174,4.040321094,76.19271853
Australia,2008,37.614,27.938,65.552,21.088,4.23433,39219.47467,Oceania,4.352643242,10749.11055,4.031372529,76.50348993
Australia,2009,37.465,29.799,67.264,17.948,5.560385,40897.04122,Oceania,1.82011224,10791.5931,4.033085562,76.38543709
Australia,2010,38.539,29.1,67.639,17.858,5.21334,42165.82842,Oceania,2.845225682,10726.92818,4.030475373,76.43533118
Australia,2011,39.328,27.522,66.85,19.287,5.081355,43583.03701,Oceania,3.303850156,10627.29387,4.02642269,76.64357065
Australia,2012,39.211,28.469,67.68,18.45,5.224349,43082.38768,Oceania,1.762780156,10403.61702,4.017184356,76.43187582
Australia,2013,39.12,28.831,67.951,17.515,5.663056,47002.99005,Oceania,2.449888641,10213.03945,4.009155009,76.41146526
Australia,2014,41.218,27.059,68.277,16.419,6.078837,46920.61776,Oceania,2.487922705,10059.20745,4.002563765,76.31726044
Australia,2015,41.453,27.534,68.987,15.258,6.057946,46761.16774,Oceania,1.508366722,10406.01719,4.017284539,76.94677462
Austria,1995,20.754,29.038,49.792,3.267,4.241667,23658.75995,W_Europe,2.250099562,6344.393087,3.802390083,71.37998141
Austria,1996,21.161,29.013,50.174,4.322,4.733333,24523.89462,W_Europe,1.843557287,6607.222977,3.820018963,70.78527921
Austria,1997,21.939,29.123,51.062,4.496,4.733333,25412.35969,W_Europe,1.308321332,6620.447862,3.82088737,70.80815548
Austria,1998,22.171,28.574,50.745,4.786,4.725,26652.82895,W_Europe,0.921274845,6706.708677,3.826509442,70.76045803
Austria,1999,22.565,29.096,51.661,4.023,4.15,27606.48424,W_Europe,0.56240939,6972.189816,3.843369202,71.04979004
Austria,2000,22.021,28.941,50.962,4.603,3.933333,29375.3968,W_Europe,2.395185512,7076.269483,3.849804364,70.79483729
Austria,2001,22.594,27.866,50.46,6.736,3.983333,29739.95111,W_Europe,2.663440722,7333.231953,3.865295422,70.74410294
Austria,2002,22.591,28.969,51.56,4.99,4.383333,31178.05144,W_Europe,1.802101999,7427.656445,3.870851808,71.66502418
Austria,2003,22.741,28.85,51.591,4.93,4.758333,32119.01676,W_Europe,1.355541125,7695.080037,3.886213141,72.04127345
Austria,2004,22.403,28.913,51.316,5.19,5.508333,33765.56574,W_Europe,2.061228151,7808.157792,3.892548581,70.39291975
Austria,2005,21.846,29.012,50.858,5.226,5.633333,35024.55748,W_Europe,2.304765879,7977.681597,3.901876699,71.44175151
Austria,2006,22.182,28.373,50.555,5.198,5.25,37631.12782,W_Europe,1.449618451,8244.401952,3.916159157,72.39023442
Austria,2007,22.355,27.974,50.329,5.751,4.866667,39387.13901,W_Europe,2.168599053,8207.474739,3.914209555,73.49748736
Austria,2008,23.035,27.489,50.524,5.719,4.141667,41316.02264,W_Europe,3.21592066,8233.014833,3.915558898,73.89251013
Austria,2009,22.155,28.521,50.676,3.967,5.325,40928.1816,W_Europe,0.506312509,7944.796096,3.900082755,74.33586463
Austria,2010,22.359,28.385,50.744,4.554,4.841667,42058.75458,W_Europe,1.813535031,8382.711154,3.923384502,74.42542722
Austria,2011,22.385,28.605,50.99,4.846,4.575,44469.20964,W_Europe,3.266938912,8425.167753,3.925578557,74.55302121
Austria,2012,22.758,28.464,51.222,4.793,4.883333,46477.65508,W_Europe,2.485675087,8548.882199,3.931909333,75.11332701
Austria,2013,22.791,27.786,50.577,5.042,5.358333,47936.67796,W_Europe,2.000157493,8510.061178,3.929932682,75.50826271
Austria,2014,23.5,27.613,51.113,4.929,5.641667,48801.30707,W_Europe,1.605805605,8360.518991,3.922233238,75.38114911
Austria,2015,24.149,27.309,51.458,5.161,5.733333,49959.25877,W_Europe,0.896567005,8445.468255,3.926623734,75.50195558
Belgium,1995,32.654,25.29,57.944,5.417,9.675,22529.74019,W_Europe,1.466813864,7379.737079,3.868040889,62.07769162
Belgium,1996,31.558,25.682,57.24,6.064,9.541667,22885.31691,W_Europe,2.058919327,7527.688545,3.876661642,62.18315675
Belgium,1997,31.762,25.626,57.388,6.379,9.216666,23917.06932,W_Europe,1.627459314,7701.612131,3.886581643,62.60487267
Belgium,1998,31.358,24.046,55.404,7.504,9.341666,24543.94606,W_Europe,0.954442586,7913.05858,3.898344381,63.22964177
Belgium,1999,30.682,25.135,55.817,7.18,8.4,25643.32017,W_Europe,1.118421053,7944.129807,3.900046332,64.55726917
Belgium,2000,31.364,25.017,56.381,7.19,6.875,27984.68617,W_Europe,2.54463963,8247.677113,3.91633165,65.12413802
Belgium,2001,32.097,24.137,56.234,7,6.591667,28981.38146,W_Europe,2.474444836,8267.187216,3.917357773,64.20502191
Belgium,2002,31.877,24.251,56.128,6.779,7.525,30482.15989,W_Europe,1.641900569,8311.892679,3.919699927,64.77956298
Belgium,2003,31.486,24.376,55.862,6.485,8.175,31054.69484,W_Europe,1.592816533,8411.900657,3.924894135,64.92546908
Belgium,2004,30.952,24.791,55.743,6.961,8.391666,32249.93809,W_Europe,2.091938708,8576.223497,3.93329609,65.89099806
Belgium,2005,29.039,25.037,54.076,7.299,8.433333,33331.11566,W_Europe,2.784303489,8509.997073,3.929929411,66.74752428
Belgium,2006,28.02,24.987,53.007,8.096,8.25,35390.70379,W_Europe,1.79094071,8683.671285,3.938703375,66.50299778
Belgium,2007,27.821,24.987,52.808,7.978,7.483333,36865.20967,W_Europe,1.824988301,8614.679503,3.935239125,67.07738728
Belgium,2008,28.461,24.418,52.879,7.568,6.975,38133.4023,W_Europe,4.4921875,8521.49674,3.930515882,67.10687076
Belgium,2009,28.419,24.949,53.368,5.486,7.891667,38003.72669,W_Europe,-0.054975261,7903.955479,3.897844485,66.92506202
Belgium,2010,28.249,25.314,53.563,5.943,8.308333,40089.47721,W_Europe,2.189218922,8393.949623,3.923966358,67.66391816
Belgium,2011,28.17,24.782,52.952,6.526,7.166667,41450.36053,W_Europe,3.531058241,8021.909269,3.904277746,66.71920728
Belgium,2012,27.834,25.016,52.85,6.79,7.566667,42585.15311,W_Europe,2.838723095,7973.224172,3.901633975,66.93528035
Belgium,2013,28.535,24.189,52.724,6.892,8.45,43745.95156,W_Europe,1.11223458,7972.946352,3.901618842,67.53261314
Belgium,2014,28.794,23.913,52.707,6.979,8.533334,44742.99229,W_Europe,0.34,7709.123078,3.887004979,67.72211215
Belgium,2015,28.313,23.799,52.112,7.376,8.5,45577.24411,W_Europe,0.558102452,8014.230499,3.903861829,67.58457301
Canada,1995,37.537,25.405,62.942,8.17,9.508333,23395.47392,N_America,2.168229067,16503.27042,4.217570016,74.65577656
Canada,1996,37.41,24.968,62.378,8.803,9.608334,23954.64976,N_America,1.570531125,16572.68325,4.21939283,74.56543212
Canada,1997,37.582,24.431,62.013,10.356,9.116667,25156.15005,N_America,1.621216381,16608.55298,4.220331796,74.86792605
Canada,1998,37.589,24.746,62.335,9.913,8.283334,26197.93292,N_America,0.995942457,16385.40196,4.2144571,75.22381066
Canada,1999,37.369,24.067,61.436,11.536,7.591667,27745.75131,N_America,1.734842951,16625.3869,4.220771761,75.80037293
Canada,2000,36.812,24.208,61.02,12.209,6.816667,29265.22148,N_America,2.719439957,16990.57839,4.230208163,76.15091103
Canada,2001,37.406,24.722,62.128,9.236,7.216667,30133.35228,N_America,2.52512014,16807.14499,4.225493947,76.33418798
Canada,2002,35.124,26.205,61.329,8.976,7.675,30854.82303,N_America,2.258394409,16959.60079,4.229415625,77.39437891
Canada,2003,34.322,26.269,60.591,9.679,7.575,32224.01572,N_America,2.758563214,17191.15419,4.235305036,78.16062225
Canada,2004,34.633,25.735,60.368,10.496,7.191667,33815.11907,N_America,1.857258719,17235.41178,4.236421664,78.13188211
Canada,2005,35.495,25.182,60.677,10.358,6.758333,36212.64356,N_America,2.213552034,16912.47834,4.228207253,77.72806458
Canada,2006,35.506,24.374,59.88,11.509,6.333333,38009.87218,N_America,2.002025395,16508.67863,4.217712313,77.71079093
Canada,2007,37.066,23.964,61.03,10.586,6.05,39441.96499,N_America,2.138383993,16683.69014,4.222292115,78.26408134
Canada,2008,37.702,22.499,60.201,10.346,6.141667,40277.61824,N_America,2.370270674,16378.14227,4.214264639,78.38623302
Canada,2009,36.219,22.871,59.09,10.405,8.35,38791.07104,N_America,0.299466803,15450.87955,4.188953207,77.95538396
Canada,2010,35.017,23.956,58.973,10.473,8.058333,40027.20436,N_America,1.776871541,15269.5726,4.183826881,77.80698113
Canada,2011,36.064,23.734,59.798,10.257,7.525,41565.25893,N_America,2.912135089,15642.96775,4.19431915,77.75238745
Canada,2012,36.416,23.376,59.792,10.165,7.291667,42145.10409,N_America,1.515678231,15320.59425,4.185275611,77.79568216
Canada,2013,36.151,23.036,59.187,10.532,7.083333,44097.56557,N_America,0.938291898,15719.70823,4.196444481,78.03153584
Canada,2014,36.485,22.827,59.312,10.636,6.908333,45508.06953,N_America,1.906635907,15545.53511,4.191605676,77.76107251
Canada,2015,36.872,23.066,59.938,9.921,6.908333,44627.32347,N_America,1.125241361,15499.67559,4.190322608,77.966151
Chile,1995,5.219,62.559,67.778,15.525,7.3025,7393.226604,S_America,8.232633546,1755.660589,3.24444056,60.7934289
Chile,1996,5.257,62.885,68.142,15.099,6.325,7975.179245,S_America,7.359114663,1938.428562,3.2874498,60.90942256
Chile,1997,5.992,63.615,69.607,12.94,6.115,8596.073482,S_America,6.133866515,2082.228211,3.318528326,61.09453654
Chile,1998,6.969,64.859,71.828,11.801,6.395,8943.900341,S_America,5.110244133,2190.121869,3.340468282,61.19802069
Chile,1999,7.277,65.219,72.496,8.489,10.1375,8923.99909,S_America,3.336882862,2406.58722,3.381401606,61.61523173
Chile,2000,7.645,63.804,71.449,11.173,9.6675,9488.037995,S_America,3.843273473,2512.325102,3.400075838,61.02035311
Chile,2001,7.948,62.116,70.064,10.373,9.8525,9912.846258,S_America,3.569101134,2640.7952,3.421734722,60.25672741
Chile,2002,7.017,61.68,68.697,10.376,9.805,10263.12009,S_America,2.489398331,2738.479234,3.437509452,59.93762966
Chile,2003,6.453,60.548,67.001,12.644,9.54,10776.99148,S_America,2.810177259,2906.983,3.463442492,60.64980557
Chile,2004,5.824,56.703,62.527,16.895,10.0075,11745.80984,S_America,1.054739332,3072.347694,3.487470363,61.14168718
Chile,2005,5.178,51.499,56.677,22.12,9.235,12667.85359,S_America,3.052573943,3102.483523,3.491709484,61.52309882
Chile,2006,4.331,43.207,47.538,28.604,7.8,15671.6589,S_America,3.392018991,3229.269099,3.509104237,62.48956853
Chile,2007,4.803,43.806,48.609,29.392,7.13,16862.70234,S_America,4.407797905,3347.262169,3.524689729,63.04372769
Chile,2008,5.707,50.521,56.228,23.92,7.7925,16450.94122,S_America,8.716268548,3347.568969,3.524729533,64.69316842
Chile,2009,7.474,55.622,63.096,24.527,9.675,16131.93981,S_America,0.071761556,3307.655714,3.519520299,64.82222212
Chile,2010,6.834,51.201,58.035,20.364,8.15,18158.51453,S_America,1.409964751,3320.415734,3.521192463,64.78031112
Chile,2011,6.561,49.297,55.858,23.373,7.125,20302.78871,S_America,3.340318008,3600.344819,3.556344097,66.18875626
Chile,2012,6.833,50.059,56.892,27.281,6.432676,21446.53762,S_America,3.006520356,3827.439178,3.582908298,66.26942371
Chile,2013,7.173,53.977,61.15,22.063,5.932378,22352.53073,S_America,1.791710733,3903.972414,3.59150674,66.43737302
Chile,2014,7.254,55.336,62.59,21.259,6.391404,22727.00242,S_America,4.395,3911.649265,3.592359907,66.62756502
Chile,2015,9.836,54.092,63.928,21.023,6.213719,22293.50513,S_America,4.348867283,3712.764282,3.569697377,66.75687241
Czech_Republic,1995,12.777,32.145,44.922,12.213,4.008333,13746.8924,C_Europe,9.170305677,5470.670661,3.738040571,72.34268575
Czech_Republic,1996,13.243,32.911,46.154,9.33,3.891667,14580.11568,C_Europe,8.8,5729.386255,3.758108102,72.13791933
Czech_Republic,1997,13.271,31.04,44.311,10.537,4.775,14724.53327,C_Europe,8.547794118,5660.060028,3.752821037,72.12353838
Czech_Republic,1998,13.442,30.976,44.418,9.685,6.466667,14893.40916,C_Europe,10.62658764,5604.80954,3.748560859,72.16977797
Czech_Republic,1999,12.458,31.987,44.445,10.648,8.7,15325.70992,C_Europe,2.143130501,5493.85153,3.739876919,72.18265758
Czech_Republic,2000,12.917,31.488,44.405,9.873,8.775,16160.74341,C_Europe,3.902835019,5703.816739,3.756165563,71.55562598
Czech_Republic,2001,12.612,30.514,43.126,11.294,8.125,17556.06789,C_Europe,4.705811647,5892.172595,3.77027546,71.11603929
Czech_Republic,2002,12.838,29.692,42.53,11.919,7.291667,18182.35455,C_Europe,1.7850993,5894.233119,3.770427308,70.88138505
Czech_Republic,2003,13.025,29.614,42.639,12.397,7.775,19410.18342,C_Europe,0.107708792,6074.849142,3.783535497,70.36246448
Czech_Republic,2004,12.834,31.203,44.037,12.166,8.291667,20786.58737,C_Europe,2.82727114,6230.398228,3.794515806,70.08845405
Czech_Republic,2005,12.263,31.201,43.464,12.056,7.941667,21907.3056,C_Europe,1.846170702,6357.421095,3.803280979,70.39955987
Czech_Republic,2006,11.662,30.134,41.796,12.921,7.133333,23715.3193,C_Europe,2.528104997,6528.53015,3.814815414,70.32845217
Czech_Republic,2007,11.674,29.917,41.591,13.089,5.325,26059.99782,C_Europe,2.927443471,6518.217413,3.814128842,69.84772173
Czech_Republic,2008,10.568,31.498,42.066,12.094,4.408333,27724.41877,C_Europe,6.350986289,6489.126257,3.812186224,69.67235237
Czech_Republic,2009,10.72,33.255,43.975,10.507,6.683333,27469.26687,C_Europe,1.044811886,6139.35206,3.788122539,70.09746729
Czech_Republic,2010,10.235,33.245,43.48,9.964,7.291667,27581.6026,C_Europe,1.408717924,6348.424398,3.802665952,70.16984267
Czech_Republic,2011,10.641,33.735,44.376,9.669,6.716667,28795.81603,C_Europe,1.936389149,6298.727678,3.799252832,70.52810448
Czech_Republic,2012,10.593,33.897,44.49,9.89,6.975,29051.39042,C_Europe,3.299073139,6304.571923,3.799655604,71.58938105
Czech_Republic,2013,10.729,34.255,44.984,10.056,6.966667,30496.02004,C_Europe,1.434726602,6284.790806,3.798290826,72.8739406
Czech_Republic,2014,10.77,32.909,43.679,10.643,6.116667,32265.04516,C_Europe,0.337186898,6258.891037,3.796497391,73.51776499
Czech_Republic,2015,10.746,33.464,44.21,10.773,5.058333,33478.62252,C_Europe,0.344782438,6299.081169,3.799277205,74.02491493
Denmark,1995,54.751,32.782,87.533,4.912,6.716667,22674.09869,W_Europe,2.098435712,6424.537292,3.807841854,79.52043199
Denmark,1996,54.057,33.44,87.497,5.263,6.333333,23710.72285,W_Europe,2.111360239,6646.685948,3.822605159,79.46103879
Denmark,1997,53.697,33.529,87.226,5.595,5.241667,24914.27228,W_Europe,2.1957914,6607.201412,3.820017546,79.76980437
Denmark,1998,52.238,34.305,86.543,6.231,4.866667,25798.51139,W_Europe,1.853178156,6504.256329,3.813197648,79.34211181
Denmark,1999,52.1,33.948,86.048,4.848,5.166667,26657.8328,W_Europe,2.478685066,6508.513381,3.813481802,80.63056469
Denmark,2000,52.656,33.098,85.754,6.776,4.325,28666.21652,W_Europe,2.924779141,6482.488628,3.811741764,79.96092085
Denmark,2001,54.366,33.727,88.093,5.907,4.525,29483.94686,W_Europe,2.35,6490.092993,3.81225092,79.877048
Denmark,2002,54.327,34.553,88.88,6.156,4.583333,30639.9531,W_Europe,2.426314932,6533.752014,3.815162647,79.56877678
Denmark,2003,54.015,34.004,88.019,6.156,5.408333,30787.41289,W_Europe,2.090620032,6602.63638,3.81971738,79.48726756
Denmark,2004,51.725,33.785,85.51,6.241,5.5,32929.7573,W_Europe,1.16016507,6615.569959,3.820567266,80.14278242
Denmark,2005,49.954,33.192,83.146,7.146,4.841667,34152.878,W_Europe,1.808805419,6659.000427,3.823409043,79.80527477
Denmark,2006,51.412,34.09,85.502,7.926,3.908333,37302.35892,W_Europe,1.890073335,6824.745939,3.834086489,80.55426365
Denmark,2007,52.767,34.92,87.687,6.774,3.75,38972.03137,W_Europe,1.714031313,6668.390266,3.824021009,80.0822743
Denmark,2008,53.884,33.929,87.813,5.693,3.466667,41282.99749,W_Europe,3.399474759,6534.12385,3.815187362,80.66979563
Denmark,2009,55.984,33.577,89.561,4.23,5.991667,40333.14435,W_Europe,1.326372231,6219.701092,3.793769514,80.2426918
Denmark,2010,51.928,33.261,85.189,5.044,7.475,43046.84249,W_Europe,2.297730121,6327.506456,3.801232597,79.36169831
Denmark,2011,51.748,33.42,85.168,4.847,7.566667,44407.95138,W_Europe,2.758682261,6165.97362,3.790001662,79.26207314
Denmark,2012,51.145,33.001,84.146,5.711,7.533333,44808.54321,W_Europe,2.397914857,6038.552307,3.780932833,78.64228333
Denmark,2013,54.479,32.223,86.702,6,7,46742.93884,W_Europe,0.78907178,6039.432,3.780996096,78.12478915
Denmark,2014,54.097,29.94,84.037,5.7,6.533333,47905.4773,W_Europe,0.56402054,5858.801536,3.767808787,78.07588568
Denmark,2015,55.15,31.584,86.734,5.588,6.166667,48687.54221,W_Europe,0.452034154,6086.053184,3.784335743,78.45590022
Estonia,1995,23.344,35.006,58.35,6.699,9.7,6233.73568,N_Europe,28.77661372,4244.644078,3.62784128,72.93256377
Estonia,1996,22.355,38.008,60.363,4.575,9.9,6778.023327,N_Europe,23.05034335,4556.391169,3.658621001,72.35644266
Estonia,1997,21.826,38.813,60.639,5.117,9.625,7802.404007,N_Europe,10.58187893,4811.598138,3.682289348,72.82640378
Estonia,1998,23.231,35.676,58.907,7.134,9.15,8317.105156,N_Europe,8.208333333,4733.954908,3.675224117,71.97681908
Estonia,1999,23.851,35.14,58.991,5.971,11.35,8435.213415,N_Europe,3.296110897,4460.368108,3.649370702,70.69227191
Estonia,2000,21.968,38.831,60.799,2.846,14.45833,9390.760261,N_Europe,4.019980616,4540.492561,3.657102968,71.13291609
Estonia,2001,21.417,40.032,61.449,2.257,13.04167,10277.40453,N_Europe,5.745330486,4680.447946,3.67028742,70.46256051
Estonia,2002,20.586,39.526,60.112,3.555,11.33333,11555.84553,N_Europe,3.57128333,4767.462935,3.678287325,69.05986614
Estonia,2003,20.945,38.567,59.512,5.122,10.35,13021.2369,N_Europe,1.338289476,5158.602778,3.712532088,70.13197531
Estonia,2004,20.073,40.091,60.164,5.321,10.08333,14384.99362,N_Europe,3.048071707,5429.525522,3.734761879,69.94011916
Estonia,2005,18.435,41.245,59.68,4.727,7.975,16466.02273,N_Europe,4.089689921,5531.545829,3.742846515,70.17820796
Estonia,2006,18.074,42.894,60.968,4.833,5.941667,19205.01419,N_Europe,4.42991487,5869.424789,3.768595542,72.62285853
Estonia,2007,18.413,41.939,60.352,5.136,4.6,21924.19503,N_Europe,6.597638594,6277.411463,3.797780596,73.03097747
Estonia,2008,19.472,37.417,56.889,5.129,5.516667,22641.84013,N_Europe,10.36560303,6364.56783,3.803768919,74.10741927
Estonia,2009,15.965,40.639,56.604,5.189,13.575,20480.50705,N_Europe,-0.084776494,5975.953811,3.776407232,73.95849419
Estonia,2010,15.867,40.232,56.099,3.96,16.74167,21573.17775,N_Europe,2.975580329,6506.318181,3.813335298,73.80600722
Estonia,2011,16.104,41.698,57.802,3.828,12.425,24501.34442,N_Europe,4.977614784,6314.414448,3.800333084,74.72777127
Estonia,2012,16.397,42.391,58.788,4.444,9.991667,25973.31691,N_Europe,3.934921578,6689.367776,3.825385074,74.83384006
Estonia,2013,17.21,41.207,58.417,5.454,8.566667,27449.85271,N_Europe,2.788496796,6664.658569,3.823777905,75.10447883
Estonia,2014,17.517,42.132,59.649,5.325,7.383333,28511.18553,N_Europe,-0.144815519,6732.367473,3.828167813,75.19422393
Estonia,2015,17.24,41.841,59.081,6.186,6.208333,28734.99,N_Europe,-0.456766653,6581.425289,3.818319956,76.62663461
Finland,1995,31.102,30.601,61.703,5.044,15.4,19556.53426,N_Europe,0.985221675,13591.39667,4.133264088,73.15928425
Finland,1996,32.709,29.946,62.655,5.968,14.56667,20053.20886,N_Europe,0.616615282,13721.92376,4.137415002,73.40550029
Finland,1997,30.776,31.63,62.406,7.517,12.64167,21768.77003,N_Europe,1.195031056,14454.93873,4.160016255,72.73788675
Finland,1998,30.012,30.621,60.633,9.348,11.35833,23539.32704,N_Europe,1.399130883,14846.42082,4.171621766,73.17640221
Finland,1999,29.393,31.009,60.402,9.428,10.21667,24768.53,N_Europe,1.159265049,15075.86719,4.178282303,74.18981481
Finland,2000,30.621,28.975,59.596,12.481,9.783334,26748.6721,N_Europe,3.367666887,15305.40981,4.184844963,74.86291486
Finland,2001,31.477,29.641,61.118,9.358,9.125,27793.75328,N_Europe,2.56623896,15709.88325,4.196172958,75.19446845
Finland,2002,31.215,30.298,61.513,9.319,9.075,28567.17181,N_Europe,1.562144598,16140.06697,4.207905332,75.04312823
Finland,2003,30.982,32.017,62.999,7.708,9.008333,28982.98858,N_Europe,0.877438551,16445.57256,4.216048998,74.67700258
Finland,2004,30.443,31.831,62.274,8.083,8.825,31129.12669,N_Europe,0.187123375,16777.56585,4.224728952,74.36998855
Finland,2005,30.638,31.463,62.101,7.581,8.4,31993.3762,N_Europe,0.861059229,16117.89033,4.207308196,74.83557335
Finland,2006,30.287,31.282,61.569,7.717,7.716667,34367.27806,N_Europe,1.566666667,17215.03729,4.235907968,75.392073
Finland,2007,30.209,30.246,60.455,8.989,6.866667,37696.79304,N_Europe,2.510666229,17160.86312,4.234539127,75.6895081
Finland,2008,30.809,30.189,60.998,8.107,6.366667,39969.39226,N_Europe,4.065951657,16349.23333,4.213497392,76.11644997
Finland,2009,31.053,31.603,62.656,4.715,8.241667,37823.02353,N_Europe,0.00061529,15243.11039,4.183073595,74.64749013
Finland,2010,29.542,31.784,61.326,5.974,8.383333,38774.82861,N_Europe,1.210357625,16484.09428,4.21706509,74.6344207
Finland,2011,29.222,32.918,62.14,6.227,7.775,40683.33742,N_Europe,3.416809034,15710.97376,4.196203103,75.1271905
Finland,2012,29.306,33.055,62.361,4.941,7.683333,40619.93702,N_Europe,2.808332326,15689.22331,4.195601445,75.39029236
Finland,2013,29.314,33.184,62.498,5.411,8.191667,41293.29362,N_Europe,1.478288133,15510.8355,4.190635192,74.75064121
Finland,2014,30.572,32.848,63.42,4.394,8.658334,41462.71674,N_Europe,1.041200006,15249.98938,4.183269541,75.47980521
Finland,2015,30.219,32.366,62.585,4.938,9.375,42063.73495,N_Europe,-0.207164371,15729.02325,4.196701754,75.94936709
France,1995,11.412,27.791,39.203,4.872,11.95,20872.33501,W_Europe,1.778115502,6621.941971,3.820985371,66.85049565
France,1996,11.651,28.053,39.704,5.221,12.4,21455.06147,W_Europe,2.004778228,6905.164753,3.839174045,67.40323317
France,1997,12.32,27.536,39.856,5.875,12.33333,22365.38475,W_Europe,1.221995927,6833.136298,3.834620084,67.17504212
France,1998,17.157,27.055,44.212,5.967,12.05,23474.102,W_Europe,0.595238095,7015.501604,3.846058728,67.4221261
France,1999,17.392,26.672,44.064,6.547,11.31667,24447.77614,W_Europe,0.533377781,7149.296925,3.854263335,67.82184379
France,2000,18.014,25.898,43.912,6.914,9.558333,26226.06912,W_Europe,1.699411423,7224.526985,3.858809418,67.97961722
France,2001,17.726,25.383,43.109,7.649,8.741667,27657.69746,W_Europe,1.630257581,7342.256675,3.865829563,68.03040604
France,2002,17.311,25.837,43.148,6.607,8.633333,28658.52275,W_Europe,1.916907283,7299.24846,3.863278147,68.27126783
France,2003,17.453,25.658,43.111,5.748,8.5,28275.888,W_Europe,2.109073739,7529.550299,3.876769039,69.72403253
France,2004,17.014,25.703,42.717,6.36,8.85,29179.71207,W_Europe,2.134874759,7661.49118,3.884313306,69.77638847
France,2005,18.038,25.462,43.5,5.497,8.866667,30625.93231,W_Europe,1.735587081,7652.864304,3.883824013,69.70790661
France,2006,17.475,24.951,42.426,6.715,8.841666,32553.11664,W_Europe,1.68372645,7540.295298,3.877388354,69.6142957
France,2007,17.058,24.885,41.943,6.82,7.991667,34184.41918,W_Europe,1.488073528,7513.57933,3.875846876,69.70638299
France,2008,17.415,24.682,42.097,6.731,7.425,35184.23363,W_Europe,2.813915043,7643.44985,3.88328942,69.86535193
France,2009,17.25,25.19,42.44,3.461,9.108334,34753.37051,W_Europe,0.088084169,7338.041898,3.865580187,70.25811675
France,2010,17.09,24.902,41.992,5.562,9.266666,36022.16956,W_Europe,1.529639382,7734.726783,3.888444978,70.25088681
France,2011,17.195,24.743,41.938,6.084,9.183333,37485.25235,W_Europe,2.117486809,7232.980234,3.859317278,70.10852248
France,2012,18.149,24.449,42.598,5.844,9.766666,37671.02818,W_Europe,1.9556855,7363.426038,3.867079929,70.71997847
France,2013,18.643,24.006,42.649,5.835,10.31667,39515.13827,W_Europe,0.86360693,7367.856272,3.867341145,71.13956559
France,2014,18.736,24.125,42.861,5.098,10.30833,40117.10845,W_Europe,0.507700673,6937.862388,3.841225681,71.37734079
France,2015,18.879,24.343,43.222,4.628,10.375,40489.19489,W_Europe,0.037803733,7327.370343,3.864948142,71.5083278
Germany,1995,27.482,27.981,55.463,2.787,8.25,23686.85653,W_Europe,1.723671149,6327.709754,3.80124655,70.40683835
Germany,1996,24.814,28.074,52.888,3.804,8.941667,24237.15769,W_Europe,1.446061036,6403.333726,3.806406137,70.56578639
Germany,1997,24.091,27.912,52.003,4.062,9.675,24791.77969,W_Europe,1.880192392,6427.798768,3.808062272,70.84748199
Germany,1998,25.018,27.307,52.325,4.356,9.45,25559.15599,W_Europe,0.935622318,6479.490249,3.811540841,71.36542504
Germany,1999,25.063,27.977,53.04,4.77,8.625,26579.73908,W_Europe,0.569776342,6505.132999,3.81325618,71.18687098
Germany,2000,25.314,28.068,53.382,4.834,8.008333,27546.58095,W_Europe,1.471334348,6635.421406,3.821868509,71.13564955
Germany,2001,27.128,28.73,55.858,1.66,7.858333,28790.79903,W_Europe,1.983856851,6762.653396,3.830117129,71.4732687
Germany,2002,25.11,29.074,54.184,2.859,8.683333,29654.21869,W_Europe,1.420806713,6900.780527,3.838898215,71.50277955
Germany,2003,23.889,29.306,53.195,3.547,9.808333,30350.20273,W_Europe,1.034223392,7009.726492,3.845701073,71.29097576
Germany,2004,22.905,29.194,52.099,4.438,10.5,31837.71113,W_Europe,1.665736088,7108.962524,3.851806225,72.58085251
Germany,2005,23.052,29.083,52.135,5.128,11.28333,32413.54006,W_Europe,1.546910755,7138.221485,3.853590019,73.83872437
Germany,2006,24.23,28.393,52.623,6.119,10.275,34753.95204,W_Europe,1.577429241,7212.437448,3.85808206,74.9940523
Germany,2007,24.959,29.277,54.236,6.244,8.541667,37017.96634,W_Europe,2.29834058,7229.089913,3.859083626,75.63094822
Germany,2008,26.493,28.921,55.414,5.349,7.425,38662.60613,W_Europe,2.628383067,7187.764009,3.85659381,75.94247314
Germany,2009,25.192,29.81,55.002,3.665,7.641667,37688.91949,W_Europe,0.312737723,6817.158398,3.833603385,76.36630281
Germany,2010,24.29,29.461,53.751,4.255,6.966667,39955.04588,W_Europe,1.103808561,7264.322591,3.861195122,76.64187312
Germany,2011,24.731,29.144,53.875,4.704,5.833333,42692.50173,W_Europe,2.075172931,7281.272174,3.862207265,77.31726417
Germany,2012,25.76,28.424,54.184,4.708,5.383333,43564.07389,W_Europe,2.008491182,7270.152523,3.861543522,77.22143865
Germany,2013,25.984,28.476,54.46,4.843,5.241667,45231.97175,W_Europe,1.504722267,7217.529089,3.858388543,77.62048823
Germany,2014,26.223,28.219,54.442,4.707,4.991667,47092.21722,W_Europe,0.906797035,7035.482975,3.847293916,77.74278016
Germany,2015,26.549,27.775,54.324,4.671,4.633333,47810.63453,W_Europe,0.234429945,7213.75187,3.8581612,77.63223091
Great_Britain,1995,28.836,35.265,64.101,8.083,8.491667,20421.42329,W_Europe,2.656452094,3708.997588,3.569256551,75.77789995
Great_Britain,1996,27.257,35.567,62.824,9.337,7.908333,21746.69948,W_Europe,2.481100989,3832.66722,3.583501112,75.93978778
Great_Britain,1997,25.677,34.742,60.419,11.303,6.808333,22933.07821,W_Europe,1.777945905,3989.116107,3.600876677,76.02187286
Great_Britain,1998,28.013,32.979,60.992,10.95,6.141667,23455.68658,W_Europe,1.588923992,4175.734566,3.620732885,75.6993293
Great_Britain,1999,28.609,33.038,61.647,9.893,5.908333,24170.61349,W_Europe,1.335406567,4316.32629,3.635114267,76.1112167
Great_Britain,2000,29.043,31.563,60.606,10.615,5.366667,26248.77627,W_Europe,0.785269429,4586.32987,3.661465288,76.38190955
Great_Britain,2001,30.187,31.378,61.565,9.311,5,27465.70144,W_Europe,1.23589468,4719.147217,3.673863526,76.10429365
Great_Britain,2002,29.851,32.353,62.204,8.384,5.133333,28809.08024,W_Europe,1.256192498,4909.639698,3.691049622,76.38265927
Great_Britain,2003,28.543,32.722,61.265,8.137,4.95,30049.30825,W_Europe,1.362921545,5091.292424,3.706828042,76.42151862
Great_Britain,2004,28.247,31.622,59.869,9.095,4.7,31753.01663,W_Europe,1.344595759,5200.024354,3.716005378,76.31758722
Great_Britain,2005,28.685,29.931,58.616,10.479,4.791667,32430.54643,W_Europe,2.049668311,5297.200025,3.724046372,76.29912317
Great_Britain,2006,28.921,29.189,58.11,10.541,5.35,34511.94412,W_Europe,2.333527794,5434.576469,3.735165704,76.82914721
Great_Britain,2007,29.75,29.004,58.754,10.019,5.275,35291.37995,W_Europe,2.321035915,5701.330854,3.755976244,76.51037495
Great_Britain,2008,30.278,29.245,59.523,8.994,5.616667,36247.53199,W_Europe,3.613498886,5805.192546,3.763816629,76.78134338
Great_Britain,2009,30.371,29.07,59.441,8.228,7.55,34598.58384,W_Europe,2.166231372,5627.883706,3.750345115,76.6007595
Great_Britain,2010,28.687,30.818,59.505,8.895,7.808333,35879.65571,W_Europe,3.285714286,5333.439556,3.727007378,76.25128746
Great_Britain,2011,28.028,32.498,60.526,8.754,8.058333,36592.89182,W_Europe,4.484239645,5389.333122,3.731535029,76.37852351
Great_Britain,2012,27.486,32.9,60.386,8.215,7.925,37702.82105,W_Europe,2.821709747,5534.897159,3.743109556,76.94033124
Great_Britain,2013,27.631,32.869,60.5,7.935,7.55,39321.76439,W_Europe,2.554546687,5028.995794,3.701481272,77.19872794
Great_Britain,2014,27.303,33.137,60.44,7.776,6.141667,40717.41325,W_Europe,1.460191609,5062.606422,3.704374166,77.58186832
Great_Britain,2015,27.721,32.927,60.648,7.542,5.325,41591.88688,W_Europe,0.050020842,5269.85441,3.721798617,77.62962462
Greece,1995,12.034,41.281,53.315,6.321,9.1,15407.61659,S_Europe,8.937057107,3066.522154,3.486646107,60.11452721
Greece,1996,9.818,33.965,43.783,4.976,9.7,16125.72993,S_Europe,8.196219484,3162.374877,3.500013351,60.98134891
Greece,1997,12.97,40.7,53.67,6.237,9.6,17146.14884,S_Europe,5.538972981,3188.381968,3.503570344,60.8384168
Greece,1998,15.149,38.218,53.367,8.615,10.8,18018.69778,S_Europe,4.766225587,3215.679628,3.507272774,62.47412551
Greece,1999,15.434,37.921,53.355,9.446,11.98333,18464.72645,S_Europe,2.636782729,3321.406628,3.521322048,62.93539161
Greece,2000,14.471,36.309,50.78,11.959,11.23333,19515.80848,S_Europe,3.166082521,3309.283711,3.519734002,63.83739748
Greece,2001,13.63,38.473,52.103,10.132,10.675,20980.97593,S_Europe,3.37396641,3426.722902,3.534878987,63.29941295
Greece,2002,13.586,36.799,50.385,10.047,10.33333,22615.95744,S_Europe,3.629362936,3545.170756,3.549637158,64.14570674
Greece,2003,13.599,35.656,49.255,9.07,9.741667,23868.44444,S_Europe,3.530650791,3637.278332,3.560776535,64.9559138
Greece,2004,14.251,35.56,49.811,9.587,10.60833,25446.33226,S_Europe,2.89884797,3680.168467,3.5658677,66.18050586
Greece,2005,14.617,34.897,49.514,10.295,10.00833,25577.44544,S_Europe,3.54507305,3771.364614,3.576498522,66.36122675
Greece,2006,14.72,36.63,51.35,8.611,9.033334,28523.14572,S_Europe,3.19594597,3882.490664,3.58911042,66.66709197
Greece,2007,14.912,36.61,51.522,7.861,8.416667,29286.80586,S_Europe,2.89500102,3976.518977,3.599503059,66.53823863
Greece,2008,15.053,36.218,51.271,7.838,7.766667,30855.93577,S_Europe,4.15279636,3988.767694,3.600838744,66.65942504
Greece,2009,14.599,35.805,50.404,8.193,9.625,30359.91034,S_Europe,1.210073956,3773.153807,3.576704509,67.42703147
Greece,2010,12.413,38.26,50.673,7.898,12.75,28175.74521,S_Europe,4.712981576,3876.491084,3.588438789,67.83654429
Greece,2011,14.197,39.116,53.313,6.149,17.91667,26141.09103,S_Europe,3.329870174,3898.823143,3.590933535,67.25727461
Greece,2012,19.614,37.396,57.01,3.076,24.49167,25284.40578,S_Europe,1.501519795,3923.042324,3.593622994,67.46984961
Greece,2013,16.83,38.777,55.607,3.233,27.49167,26097.79752,S_Europe,-0.921271918,3892.113701,3.590185519,67.47266786
Greece,2014,16.524,38.887,55.411,5.245,26.55,26838.58227,S_Europe,-1.312242411,3965.958233,3.598348136,67.42650457
Greece,2015,15.029,39.392,54.421,5.941,24.95833,26697.04883,S_Europe,-1.735902366,3911.285697,3.59231954,67.80893535
Hungary,1995,16.127,40.633,56.76,4.466,10.2,9175.992499,C_Europe,28.30287036,4525.275566,3.655645031,58.92066835
Hungary,1996,17.476,40.682,58.158,4.52,9.916667,9338.510489,C_Europe,23.42814371,4787.890617,3.68014422,58.46044287
Hungary,1997,16.799,39.312,56.111,4.923,9.05,9817.885998,C_Europe,18.31412978,4976.632824,3.6969356,57.77648453
Hungary,1998,16.772,38.947,55.719,5.549,8.708333,10403.03108,C_Europe,14.17506692,5201.610905,3.716137863,58.17455571
Hungary,1999,17.505,40.334,57.839,5.892,6.866667,10894.75229,C_Europe,10.03092578,5433.864939,3.73510884,59.5589274
Hungary,2000,18.572,40.484,59.056,5.694,6.266667,11876.0812,C_Europe,9.780586324,5796.055581,3.763132541,59.86521782
Hungary,2001,19.565,38.724,58.289,6.068,5.575,13241.99657,C_Europe,9.156272293,5896.939225,3.770626652,59.60387628
Hungary,2002,20.216,37.443,57.659,6.079,5.583333,14549.58617,C_Europe,5.261540654,6035.686646,3.780726684,59.69517285
Hungary,2003,18.832,39.233,58.065,5.803,5.741667,15467.23979,C_Europe,4.648457584,6092.548994,3.78479903,60.58190173
Hungary,2004,17.743,40.684,58.427,5.745,6.066667,16251.38087,C_Europe,6.779959775,6168.398988,3.790172457,60.45881354
Hungary,2005,17.908,39.55,57.458,5.649,7.175,17081.77436,C_Europe,3.550808314,6241.715574,3.795303975,61.36790522
Hungary,2006,18.21,38.282,56.492,6.263,7.458333,18300.32565,C_Europe,3.878312373,6351.099111,3.80284889,62.02697131
Hungary,2007,18.178,37.606,55.784,6.929,7.391667,19026.8398,C_Europe,7.935008875,6218.313404,3.793672607,61.62989397
Hungary,2008,19.274,36.941,56.215,6.525,7.8,20678.67991,C_Europe,6.066157153,6340.733045,3.802139469,61.19881282
Hungary,2009,18.735,39.468,58.203,5.627,10.03333,20648.05518,C_Europe,4.209189843,5947.909489,3.774364351,61.22536589
Hungary,2010,17.435,42.879,60.314,3.25,11.16667,21555.85913,C_Europe,4.881345076,5927.86868,3.772898574,61.91805225
Hungary,2011,13.86,43.625,57.485,3.299,11.05833,22841.21034,C_Europe,3.920735315,5661.605045,3.75293957,62.36567253
Hungary,2012,14.688,43.998,58.686,3.335,11.01667,23094.47333,C_Europe,5.667639606,5666.575901,3.75332071,63.71336381
Hungary,2013,14.039,43.923,57.962,3.628,10.11667,24463.19939,C_Europe,1.721102477,5730.386095,3.758183884,64.69729842
Hungary,2014,13.79,43.745,57.535,4.324,7.741667,25524.7177,C_Europe,-0.222315061,5721.835085,3.757535336,66.98290834
Hungary,2015,13.685,43.781,57.466,4.626,6.833333,26147.53739,C_Europe,-0.070282476,5741.654161,3.75903703,68.64420588
Ireland,1995,31.979,40.411,72.39,8.381,12.29167,18975.90388,W_Europe,2.514463729,4597.892598,3.662558822,61.79348557
Ireland,1996,32.23,39.82,72.05,9.439,11.66667,20539.15701,W_Europe,1.693075754,4658.700157,3.668264759,62.54267779
Ireland,1997,32.488,39.439,71.927,9.902,9.875,22676.0709,W_Europe,1.437210957,4791.285246,3.680452027,62.87210653
Ireland,1998,31.879,38.842,70.721,10.554,7.55,25029.09611,W_Europe,2.426878025,4955.721944,3.695106931,65.24061917
Ireland,1999,31.448,38.39,69.838,12.03,5.825,26995.49654,W_Europe,1.640271493,5079.492406,3.705820315,67.1774716
Ireland,2000,31.946,38.158,70.104,11.698,4.5,30180.54901,W_Europe,5.564830273,5299.856479,3.724264109,68.24015762
Ireland,2001,30.998,37.061,68.059,11.909,4.208333,32593.17535,W_Europe,4.872354846,5406.491722,3.732915542,68.39082738
Ireland,2002,27.964,39.041,67.005,12.974,4.725,35211.79711,W_Europe,4.651952462,5539.703837,3.743486547,68.28598277
Ireland,2003,28.399,38.023,66.422,12.725,4.866667,36231.19347,W_Europe,3.479883193,5652.519542,3.752242072,68.42882913
Ireland,2004,29.355,37.687,67.042,11.82,4.758333,38710.92169,W_Europe,2.194873403,5687.997573,3.754959402,69.1501321
Ireland,2005,29.117,38.218,67.335,11.016,4.633333,40437.41144,W_Europe,2.431540999,5731.101557,3.758238104,70.90124847
Ireland,2006,29.542,36.376,65.918,11.726,4.791667,44250.12047,W_Europe,3.938894713,5833.467297,3.765926768,71.86995695
Ireland,2007,30.251,36.397,66.648,10.672,5.025,46738.38758,W_Europe,4.87992471,5804.325964,3.763751794,72.69332374
Ireland,2008,30.078,37.362,67.44,9.501,6.825,44216.75145,W_Europe,4.053506283,5757.960611,3.76026869,72.18410159
Ireland,2009,30.449,35.69,66.139,8.376,12.675,41578.78206,W_Europe,-4.47993767,5368.390567,3.729844105,71.06782218
Ireland,2010,30.012,36.162,66.174,8.71,14.60833,43302.31557,W_Europe,-0.946166395,5493.711037,3.739865812,69.84755067
Ireland,2011,31.114,34.301,65.415,8.007,15.41667,45176.26932,W_Europe,2.578870455,5514.803615,3.741530052,69.50384723
Ireland,2012,32.415,34.278,66.693,8.216,15.51667,46468.78723,W_Europe,1.692784715,5397.741477,3.73221208,69.41010112
Ireland,2013,31.91,33.6,65.51,8.415,13.79167,48296.79238,W_Europe,0.502678204,5159.183655,3.712580988,70.1491047
Ireland,2014,31.957,33.65,65.607,8.325,11.90833,51468.35572,W_Europe,0.196785831,5002.40668,3.699178996,69.73496093
Ireland,2015,31.634,32.622,64.256,11.343,9.95,69458.8859,W_Europe,-0.294599018,5313.569293,3.725386348,70.10463884
Italy,1995,26.008,27.289,53.297,8.68,11.18333,22284.68804,W_Europe,5.244371225,7695.716643,3.886249069,57.91056284
Italy,1996,24.993,25.779,50.772,9.176,11.16667,22963.13948,W_Europe,3.974524284,7835.41274,3.894061878,58.23149554
Italy,1997,25.217,25.867,51.084,9.434,11.21667,23807.98888,W_Europe,2.04310552,7991.00407,3.902601352,58.46090514
Italy,1998,25.083,27.503,52.586,7.037,11.3,24926.59073,W_Europe,1.962939698,8003.955696,3.903304676,59.20846092
Italy,1999,26.374,27.53,53.904,7.698,10.86667,25531.62178,W_Europe,1.655629139,8147.38887,3.911018445,59.75776317
Italy,2000,24.83,27.891,52.721,6.897,10.05,27022.87547,W_Europe,2.519318302,8299.409506,3.919047194,60.2884044
Italy,2001,25.544,26.832,52.376,8.366,9.008333,27953.08281,W_Europe,2.787816211,8162.014644,3.91179737,60.74555854
Italy,2002,25.451,26.958,52.409,7.54,8.475,28621.2456,W_Europe,2.461074837,8266.099102,3.917300608,61.18748549
Italy,2003,25.172,25.713,50.885,6.64,8.433333,29028.95734,W_Europe,2.676470588,8164.933682,3.911952662,61.58214521
Italy,2004,25.455,26.411,51.866,6.881,8,29376.67703,W_Europe,2.21522009,8393.257723,3.923930559,62.62557907
Italy,2005,25.384,26.423,51.807,5.737,7.708333,29937.5842,W_Europe,1.999065857,8539.010589,3.931407552,62.3736799
Italy,2006,25.318,26.211,51.529,6.831,6.791667,32178.7437,W_Europe,2.06978661,8542.478139,3.931583876,62.63575624
Italy,2007,25.646,25.27,50.916,7.528,6.075,33788.78666,W_Europe,1.821444594,8710.025703,3.940019437,62.40472518
Italy,2008,26.81,24.793,51.603,7.013,6.708333,35154.80175,W_Europe,3.375044061,8270.007731,3.917505916,62.9155036
Italy,2009,26.516,24.815,51.331,5.659,7.75,34228.04698,W_Europe,0.750149177,8020.273806,3.904189195,62.26095089
Italy,2010,26.835,26.3,53.135,5.47,8.35,34718.76652,W_Europe,1.539893392,8594.909034,3.934241285,62.01385801
Italy,2011,26.304,26.854,53.158,5.217,8.35,35935.48395,W_Europe,2.741438213,8099.598695,3.908463502,62.05364229
Italy,2012,26.448,26.48,52.928,5.452,10.64167,35757.02368,W_Europe,3.04136253,7998.346771,3.903000229,63.49753233
Italy,2013,26.314,26.219,52.533,5.828,12.13333,35885.39085,W_Europe,1.219992129,7988.58331,3.902469769,63.35284709
Italy,2014,25.833,27.083,52.916,5.001,12.65,36070.8482,W_Europe,0.241057543,7819.714636,3.893190905,63.93926388
Italy,2015,26.006,27.331,53.337,4.72,11.89167,36640.09372,W_Europe,0.03878675,8100.230489,3.908497377,64.03756288
Japan,1995,22.332,15.805,38.137,15.895,3.15,23403.78458,E_Asia,-0.123477116,1997.138093,3.300408095,71.52218901
Japan,1996,20.998,16.011,37.009,17.116,3.35,24516.03069,E_Asia,0.131871755,1992.900926,3.299485709,72.02072539
Japan,1997,21.35,17.232,38.582,15.66,3.4,25144.05417,E_Asia,1.761461849,2056.435022,3.313114991,72.5767506
Japan,1998,19.638,19.641,39.279,13.963,4.108333,25062.80956,E_Asia,0.663269433,2129.858727,3.328350798,72.60273973
Japan,1999,18.826,20.5,39.326,13.22,4.683333,25334.51015,E_Asia,-0.329449578,2072.803727,3.316558181,72.42134378
Japan,2000,21.05,19.251,40.301,13.742,4.716667,26841.4079,E_Asia,-0.653015156,2082.321387,3.31854776,72.46159178
Japan,2001,20.449,19.346,39.795,12.937,5.033333,27499.36187,E_Asia,-0.740055504,2213.360603,3.345052175,72.59130435
Japan,2002,18.414,20.116,38.53,12.173,5.375,28170.05438,E_Asia,-0.923494027,2307.186518,3.363082705,72.30966538
Japan,2003,17.51,20.308,37.818,13.028,5.258333,28940.63109,E_Asia,-0.256541816,2493.930169,3.396884289,72.30030452
Japan,2004,17.764,20.017,37.781,14.222,4.716667,30368.2328,E_Asia,-0.008573388,2607.45996,3.416217648,72.24571294
Japan,2005,18.284,19.418,37.702,15.52,4.425,31667.91436,E_Asia,-0.282946069,2777.38198,3.443635613,72.63916795
Japan,2006,18.443,18.637,37.08,16.957,4.141667,33103.05265,E_Asia,0.249355116,2966.609973,3.472260452,73.09433063
Japan,2007,19.556,17.953,37.509,16.802,3.841667,34507.89647,E_Asia,0.060039454,3169.077295,3.500932832,73.64369061
Japan,2008,19.904,17.949,37.853,13.652,3.991667,34803.65781,E_Asia,1.380078862,3213.12144,3.50692714,73.79912664
Japan,2009,19.974,19.071,39.045,9.566,5.066667,33196.05004,E_Asia,-1.35283673,3026.611489,3.480956676,73.92209701
Japan,2010,18.616,18.667,37.283,11.603,5.05,35007.70177,E_Asia,-0.719979429,3229.951062,3.509195942,74.02613412
Japan,2011,18.391,18.402,36.793,11.763,4.583333,35775.25633,E_Asia,-0.267633601,3264.05332,3.513757245,73.79658385
Japan,2012,18.586,17.948,36.534,12.469,4.35,37213.8374,E_Asia,-0.051939058,3587.932866,3.554844308,73.93359035
Japan,2013,19.228,17.584,36.812,13.24,4.025,39008.36056,E_Asia,0.346440326,3472.541385,3.54064743,74.86111111
Japan,2014,18.902,19.754,38.656,12.929,3.591667,39183.46568,E_Asia,2.761954083,3507.404521,3.544985857,75.50288277
Japan,2015,18.871,20.965,39.836,12.294,3.375,40727.25449,E_Asia,0.78951789,3412.376631,3.533056959,75.94706798
Latvia,1995,16.364,37.728,54.092,5.608,7.8,5507.941712,N_Europe,24.97943287,14920.77088,4.173791261,
Latvia,1996,16.746,38.291,55.037,5.969,20.9,5795.200626,N_Europe,17.61127868,14629.73022,4.165236318,
Latvia,1997,17.038,38.695,55.733,6.854,14.7,6481.587939,N_Europe,8.437832094,15134.10418,4.179956719,
Latvia,1998,17.068,39.588,56.656,6.913,14.5,7070.939422,N_Europe,4.658303933,15460.32494,4.189218618,
Latvia,1999,18.007,38.085,56.092,6.512,14.06667,7405.207423,N_Europe,2.358842993,14990.41756,4.17581373,
Latvia,2000,18.823,38.6,57.423,5.257,14.34167,8017.80095,N_Europe,2.648592284,15668.11827,4.195016841,67.01563653
Latvia,2001,19.467,37.643,57.11,6.67,13.48333,9040.596111,N_Europe,2.478667208,15616.32977,4.193578971,67.64780823
Latvia,2002,19.618,37.311,56.929,7.024,12.49167,10069.14336,N_Europe,1.923076923,15980.2768,4.203584298,68.56199928
Latvia,2003,20.263,39.614,59.877,5.285,11.64167,11025.2271,N_Europe,2.956623225,16258.88449,4.211090746,68.8985914
Latvia,2004,20.658,38.809,59.467,6.081,11.75,12219.46824,N_Europe,6.21575666,16300.11242,4.2121906,69.30522301
Latvia,2005,19.395,40.914,60.309,6.813,10.05,13847.87004,N_Europe,6.723585912,15644.14672,4.19435188,69.14621993
Latvia,2006,19.566,40.764,60.33,7.418,7.041667,15752.36296,N_Europe,6.5,16456.60412,4.216340222,71.01598241
Latvia,2007,20.259,39.123,59.382,8.979,6.058333,18120.39986,N_Europe,10.14084507,16352.3218,4.213579425,72.62051006
Latvia,2008,21.647,35.942,57.589,10.786,7.741667,19428.57188,N_Europe,15.43052003,15937.78778,4.20242804,74.1593264
Latvia,2009,19.267,38.963,58.23,5.568,17.56667,16866.29509,N_Europe,3.471196455,14425.96473,4.159144866,73.54861013
Latvia,2010,22.16,39.874,62.034,3.484,19.46667,17578.06198,N_Europe,-1.070663812,16829.96254,4.226083149,72.95336665
Latvia,2011,20.22,39.269,59.489,5.062,16.21667,19781.82657,N_Europe,4.401154401,15586.08423,4.192737019,72.83914136
Latvia,2012,20.249,39.508,59.757,5.694,15.04167,21259.86652,N_Europe,2.211472011,14703.94353,4.167433826,74.40922552
Latvia,2013,20.324,40.385,60.709,5.694,11.875,22674.54179,N_Europe,0,14193.16843,4.152079357,73.98770341
Latvia,2014,20.526,40.876,61.402,5.342,10.85,23802.33547,N_Europe,0.60851927,13914.67845,4.143473175,74.55872366
Latvia,2015,20.433,41.333,61.766,5.497,9.883333,24512.71603,N_Europe,0.201612903,15045.56744,4.177408572,75.72980508
Luxembourg,1995,22.078,25.667,47.745,18.009,2.866667,39547.10821,W_Europe,1.915249471,5719.061109,3.757324737,60.28876356
Luxembourg,1996,21.951,25.208,47.159,18.288,2.925,41311.13078,W_Europe,1.393467621,5905.992197,3.771292869,61.1469571
Luxembourg,1997,20.844,25.77,46.614,19.217,2.7,42785.60093,W_Europe,1.367511396,6066.243238,3.78291982,61.51175752
Luxembourg,1998,19.262,25.706,44.968,19.601,2.691667,44308.63965,W_Europe,0.958566261,6257.890883,3.796427986,61.94098452
Luxembourg,1999,18.914,26.453,45.367,17.59,2.408333,50526.65319,W_Europe,1.004836897,6349.319584,3.802727187,63.06361624
Luxembourg,2000,18.466,26.326,44.792,17.993,2.233333,55254.59079,W_Europe,3.147371816,6507.105925,3.813387876,64.2159144
Luxembourg,2001,17.843,25.766,43.609,18.54,1.9,55898.70518,W_Europe,2.667458005,6599.26537,3.819495593,64.12767756
Luxembourg,2002,16.307,26.625,42.932,20.549,2.558333,58709.01536,W_Europe,2.074076174,6641.740762,3.82228192,65.34999126
Luxembourg,2003,17.221,27.278,44.499,19.282,3.808333,59951.29111,W_Europe,2.049840427,6695.715124,3.825796968,64.57274962
Luxembourg,2004,17.879,29.68,47.559,15.389,4.95,64016.23602,W_Europe,2.22568082,6882.970221,3.837775891,65.83070819
Luxembourg,2005,19.047,28.758,47.805,15.445,4.65,68140.65238,W_Europe,2.489582068,6912.372085,3.839627108,66.59158691
Luxembourg,2006,21.08,27.538,48.618,13.913,4.575,77914.03879,W_Europe,2.675833333,7025.834479,3.846697914,66.72201906
Luxembourg,2007,19.962,27.771,47.733,14.736,4.166667,83843.72953,W_Europe,2.303365771,7157.378577,3.854753989,66.8925015
Luxembourg,2008,21.729,27.819,49.548,14.336,4.916667,86591.98546,W_Europe,3.400264976,7173.046299,3.855703634,66.79922493
Luxembourg,2009,20.648,27.85,48.498,14.691,5.116667,82191.59886,W_Europe,0.369816243,6856.281897,3.836088665,68.7379486
Luxembourg,2010,21.01,27.316,48.326,15.377,4.583333,85598.23106,W_Europe,2.273404833,7006.273821,3.845487107,68.21207996
Luxembourg,2011,22.178,28.004,50.182,13.437,4.833333,91814.03661,W_Europe,3.409795876,7060.053768,3.848808009,67.9482236
Luxembourg,2012,21.84,28.321,50.161,13.329,5.066667,91526.72071,W_Europe,2.664199548,6876.589753,3.837373116,69.43533017
Luxembourg,2013,22.822,28.156,50.978,12.432,5.875,95246.11389,W_Europe,1.734030794,6833.911435,3.834669346,69.85342495
Luxembourg,2014,23.146,28.893,52.039,11.442,6.05,101274.8516,W_Europe,0.629749069,6712.774758,3.826902075,70.80417784
Luxembourg,2015,24.472,25.467,49.939,11.906,6.458333,102553.8613,W_Europe,0.474513795,6897.920707,3.838718198,70.87806821
Netherlands,1995,19.191,28.546,47.737,8.117,8.358334,23107.81511,W_Europe,1.923219722,24528.44386,4.389669996,70.1057445
Netherlands,1996,17.921,29.099,47.02,10.136,7.675,24225.8558,W_Europe,2.016666667,23998.84419,4.380190326,70.54579972
Netherlands,1997,15.925,29.423,45.348,11.39,6.5,25718.89485,W_Europe,2.176171185,24326.03424,4.386071314,71.8084603
Netherlands,1998,15.502,28.823,44.325,11.367,5.133333,27343.55022,W_Europe,1.985462309,25424.10364,4.40524565,72.64755799
Netherlands,1999,14.985,28.985,43.97,11.045,4.233333,28951.73792,W_Europe,2.193026177,25057.1896,4.398932359,73.4339835
Netherlands,2000,15.055,28.87,43.925,10.874,3.666667,31598.90023,W_Europe,2.316666342,24993.7263,4.39783101,74.34057228
Netherlands,2001,16.18,30.733,46.913,10.955,3.075,32870.73849,W_Europe,4.162336858,25590.68943,4.408081986,74.4537037
Netherlands,2002,18.198,30.651,48.849,9.421,3.666667,33995.11953,W_Europe,3.286685765,24620.33613,4.391293978,75.34297026
Netherlands,2003,17.515,31.294,48.809,8.125,4.841667,33705.90896,W_Europe,2.112538768,23201.39413,4.365514082,74.65835091
Netherlands,2004,16.029,31.703,47.732,8.829,5.675,35440.99148,W_Europe,1.238349793,24214.10698,4.384068457,74.92906178
Netherlands,2005,17.578,31.555,49.133,9.713,5.883333,37271.89023,W_Europe,1.674081313,25083.21453,4.399383193,75.4798026
Netherlands,2006,17.755,31.068,48.823,9.481,5.008333,40615.31864,W_Europe,1.16765306,24099.93226,4.382015822,75.79437546
Netherlands,2007,18.744,30.959,49.703,9.527,4.175,43481.42645,W_Europe,1.614180118,24855.00046,4.395413776,77.14259664
Netherlands,2008,18.156,30.293,48.449,9.104,3.666667,45859.47847,W_Europe,2.486550321,24866.13431,4.395608275,78.25968358
Netherlands,2009,22.077,30.602,52.679,6.089,4.35,44049.05535,W_Europe,1.189904616,23859.70958,4.377665153,78.50009079
Netherlands,2010,21.496,30.773,52.269,6.401,5.008333,44551.9607,W_Europe,1.275552568,24890.92401,4.396041019,78.21746233
Netherlands,2011,20.773,30.078,50.851,6.094,4.991667,46066.85667,W_Europe,2.341070178,23510.38383,4.371259719,78.37198727
Netherlands,2012,19.44,29.785,49.225,5.894,5.825,46715.50098,W_Europe,2.455547653,24070.98592,4.381493879,79.27519477
Netherlands,2013,18.798,29.799,48.597,5.977,7.241667,48679.15942,W_Europe,2.506898527,23806.88488,4.376702572,79.67173862
Netherlands,2014,18.723,29.59,48.313,6.869,7.425,48612.03321,W_Europe,0.97603508,22999.9346,4.361726601,79.30080333
Netherlands,2015,20.523,29.616,50.139,7.223,6.891667,49550.87358,W_Europe,0.600248147,23855.82265,4.377594397,79.62243514
Norway,1995,25.892,38.585,64.477,9.216,4.933333,24321.89455,N_Europe,2.456405373,3060.888875,3.485847563,77.35644637
Norway,1996,25.733,37.951,63.684,10.518,4.75,26787.26317,N_Europe,1.258694189,3159.041817,3.499555375,79.15918074
Norway,1997,25.692,37.008,62.7,12.222,3.916667,28593.11381,N_Europe,2.580741144,3206.237778,3.505995727,80.20721686
Norway,1998,27.183,37.365,64.548,9.747,3.091667,28166.22007,N_Europe,2.2556855,3206.591771,3.506043674,80.90007087
Norway,1999,26.601,36.559,63.16,10.745,3.033333,30554.74223,N_Europe,2.333138905,3171.757384,3.50129996,80.63949403
Norway,2000,24.069,31.774,55.843,20.928,3.241667,36950.22509,N_Europe,3.08606791,3256.180455,3.512708465,80.69013594
Norway,2001,24.335,31.015,55.35,20.709,3.408333,37816.21734,N_Europe,3.017377567,3260.033263,3.513222031,80.26315789
Norway,2002,24.799,30.946,55.745,18.949,3.666667,37961.12649,N_Europe,1.28814599,3208.392157,3.506287446,80.30250945
Norway,2003,24.893,30.518,55.411,18.996,4.208333,38529.22706,N_Europe,2.475397426,3324.471392,3.5217226,79.3385612
Norway,2004,23.644,29.226,52.87,22.87,4.275,42500.7934,N_Europe,0.46539115,3416.118632,3.533532944,79.1059939
Norway,2005,22.191,27.742,49.933,27.07,4.525,47775.43918,N_Europe,1.522058824,3437.323998,3.53622047,78.87505717
Norway,2006,20.683,27.333,48.016,29.404,3.433333,54083.02748,N_Europe,2.332150359,3584.962188,3.554484579,78.19259838
Norway,2007,22.203,28.571,50.774,25.751,2.525,55888.93072,N_Europe,0.728997098,3661.646104,3.563676368,78.92013498
Norway,2008,21.479,26.009,47.488,28.967,2.55,61759.99132,N_Europe,3.766160764,3725.748778,3.571213568,80.19488737
Norway,2009,24.07,27.996,52.066,21.76,3.15,55424.43433,N_Europe,2.166847237,3590.832081,3.555195097,79.00628498
Norway,2010,23.608,27.674,51.282,23.513,3.575,58025.02229,N_Europe,2.399257688,3797.092296,3.579451154,78.24743542
Norway,2011,23.093,26.505,49.598,25.587,3.3,62146.13251,N_Europe,1.300970874,3879.542094,3.588780468,77.95042432
Norway,2012,23.41,26.349,49.759,24.883,3.183333,65441.92484,N_Europe,0.709219858,3899.176642,3.59097291,78.37593168
Norway,2013,24.826,27.606,52.432,20.691,3.5,67051.14287,N_Europe,2.131709174,3938.255208,3.595303856,78.29501363
Norway,2014,25.363,28.783,54.146,17.065,3.533333,66018.42418,N_Europe,2.025096285,3971.799761,3.598987345,78.1318361
Norway,2015,27.942,30.372,58.314,11.467,4.375,61713.18866,N_Europe,2.17364832,3897.1732,3.590749707,78.39517042
Poland,1995,21.807,36.965,58.772,7.155,13.3,7728.504623,C_Europe,28.07169648,3076.846048,3.488105767,67.36647239
Poland,1996,21.292,36.089,57.381,7.154,12.4,8325.091365,C_Europe,19.81722123,3195.864047,3.504588296,66.88155771
Poland,1997,20.791,35.272,56.063,7.412,10.86667,9001.409289,C_Europe,15.08161686,3352.465833,3.52536436,66.44113216
Poland,1998,21.331,34.138,55.469,7.279,10.16667,9557.532347,C_Europe,11.72515369,3545.010352,3.549617508,65.87228007
Poland,1999,13.884,35.584,49.468,6.753,13.39167,10124.60357,C_Europe,7.275,3795.22928,3.579238018,65.94860017
Poland,2000,13.175,35.311,48.486,7.256,16.075,10651.97324,C_Europe,10.05981512,3988.960824,3.600859771,65.7640157
Poland,2001,12.874,35.075,47.949,5.441,18.30833,11110.35596,C_Europe,5.491247883,4119.670488,3.61486248,65.6665122
Poland,2002,12.67,36.892,49.562,5.979,20.03333,11780.56697,C_Europe,1.90017396,4271.168528,3.630546708,64.79262107
Poland,2003,12.775,37.603,50.378,5.386,19.75,12259.37593,C_Europe,0.787918582,4375.732217,3.641050736,64.24598269
Poland,2004,12.468,37.915,50.383,6.086,19.14167,13346.65463,C_Europe,3.576547231,4533.539695,3.656437423,64.24737797
Poland,2005,12.991,37.904,50.895,6.447,17.925,13897.54307,C_Europe,2.107050758,4682.991013,3.670523324,64.60305899
Poland,2006,13.707,37.946,51.653,7.083,13.96667,15147.8265,C_Europe,1.114943945,4827.467182,3.68371933,63.35836686
Poland,2007,14.952,37.656,52.608,7.862,9.608334,16787.07569,C_Europe,2.388059701,4890.560188,3.689358608,63.16005612
Poland,2008,15.492,38.191,53.683,7.853,7.041667,18315.13109,C_Europe,4.349378235,4850.837413,3.685816718,63.8257208
Poland,2009,14.514,37.067,51.581,7.172,8.116667,19077.28001,C_Europe,3.825977877,4843.849694,3.685190658,64.69248205
Poland,2010,13.854,40.08,53.934,6.194,9.666667,20809.45684,C_Europe,2.707452359,4959.094305,3.695402367,65.31512532
Poland,2011,13.599,39.783,53.382,6.342,9.65,22576.17938,C_Europe,4.258333333,4848.279337,3.685587634,65.73345575
Poland,2012,13.894,36.866,50.76,6.479,10.10833,23542.00296,C_Europe,3.556869954,4736.351771,3.67544395,66.48831019
Poland,2013,14.023,36.455,50.478,5.546,10.34167,24422.76391,C_Europe,1.034269836,4685.054787,3.670714674,66.9973125
Poland,2014,14.312,36.344,50.656,5.462,9.016666,25288.23081,C_Europe,0.106951872,4662.6008,3.668628234,67.85715694
Poland,2015,14.386,35.92,50.306,5.671,7.525,26270.68427,C_Europe,-0.991300366,4778.2762,3.67927125,68.10741192
Portugal,1995,18.596,43.106,61.702,7.736,7.183333,14384.56378,W_Europe,4.123148338,4925.961381,3.692491003,66.90873203
Portugal,1996,19.009,43.08,62.089,8.851,7.241667,14899.39502,W_Europe,3.120697568,5150.407724,3.711841611,67.18081563
Portugal,1997,17.971,42.009,59.98,10.158,6.741667,15783.74986,W_Europe,2.161612308,5068.08939,3.704844266,68.25295004
Portugal,1998,17.201,42.739,59.94,10.015,6.083333,16677.92618,W_Europe,2.716440297,4682.297576,3.670459011,70.39580988
Portugal,1999,16.771,42.024,58.795,11.181,5.55,17723.51132,W_Europe,2.303885779,5028.706343,3.701456275,70.63813232
Portugal,2000,17.415,40.286,57.701,11.893,5.075,18883.894,W_Europe,2.846721116,4955.907896,3.695123227,71.22350786
Portugal,2001,17.605,40.82,58.425,10.461,5.133333,19556.93167,W_Europe,4.394757132,5027.452807,3.701348003,71.94791783
Portugal,2002,16.736,41.618,58.354,10.413,6.141667,20367.7387,W_Europe,3.545051699,5051.59839,3.703428816,72.58117526
Portugal,2003,16.662,43.282,59.944,8.708,7.4,20839.50013,W_Europe,3.283333333,5021.798222,3.700859259,72.7434653
Portugal,2004,16.69,42.687,59.377,9.314,7.766667,21483.23776,W_Europe,2.355978699,5097.835556,3.707385822,72.68672167
Portugal,2005,16.481,43.849,60.33,8.453,8.766666,22739.66382,W_Europe,2.293867255,4932.803281,3.693093796,73.19832979
Portugal,2006,16.422,43.857,60.279,9.033,8.866667,24658.5397,W_Europe,2.743315096,5153.121484,3.712070381,73.61826931
Portugal,2007,16.782,41.601,58.383,10.879,9.133333,25701.41542,W_Europe,2.805070127,5272.370783,3.722005945,73.866996
Portugal,2008,17.062,40.638,57.7,11.075,8.783334,26631.49833,W_Europe,2.590407797,5294.435099,3.723819629,73.94122054
Portugal,2009,18.485,38.686,57.171,9.182,10.68333,26464.48097,W_Europe,-0.835530022,4954.138251,3.694968122,73.42542923
Portugal,2010,17.618,40.221,57.839,8.991,11.98333,27334.80906,W_Europe,1.402572899,5201.404897,3.716120662,73.67437763
Portugal,2011,18.449,39.814,58.263,9.694,12.88333,26780.13068,W_Europe,3.653011004,5347.526223,3.728152923,73.63157011
Portugal,2012,18.295,40.679,58.974,8.639,15.78333,26454.22685,W_Europe,2.773338541,5137.789018,3.710776266,73.40721751
Portugal,2013,22.614,37.26,59.874,9.557,16.45833,27899.47614,W_Europe,0.274416667,5202.467288,3.716209358,73.04299778
Portugal,2014,22.527,38.034,60.561,8.259,14.125,28746.52581,W_Europe,-0.278153367,5137.073835,3.710715808,73.2367831
Portugal,2015,21.163,38.395,59.558,9.049,12.65833,29532.32841,W_Europe,0.487938624,5205.252252,3.716441781,73.39908033
Slovakia,1995,8.927,35.733,44.66,14.965,13.1,8645.277554,C_Europe,9.887168882,5312.904549,3.725332013,69.29552878
Slovakia,1996,10.081,34.958,45.039,10.924,11.3,9358.226152,C_Europe,5.809254954,5365.50828,3.729610869,69.76679313
Slovakia,1997,11.65,34.451,46.101,9.783,11.9,10063.40372,C_Europe,6.109533469,5434.662198,3.735172555,69.35259794
Slovakia,1998,11.838,34.437,46.275,8.815,12.70833,10603.90548,C_Europe,6.698271907,5574.706466,3.746222005,69.29196939
Slovakia,1999,12.152,34.409,46.561,8.767,16.49167,10701.51806,C_Europe,10.57044575,5675.615026,3.75401293,69.50886021
Slovakia,2000,9.924,36.156,46.08,7.651,18.90833,11329.64778,C_Europe,12.03577678,5777.995651,3.761777211,69.88248673
Slovakia,2001,10.638,33.785,44.423,7.834,19.45833,12380.14019,C_Europe,7.329630915,6006.34519,3.778610288,70.47376191
Slovakia,2002,9.849,34.27,44.119,7.573,18.80833,13290.17514,C_Europe,3.32331065,6380.951903,3.804885471,69.89443224
Slovakia,2003,9.679,36.107,45.786,8.301,17.69167,14123.11061,C_Europe,8.554143054,6578.034236,3.818096129,70.04282655
Slovakia,2004,9.601,38.146,47.747,8.069,18.35833,15165.15945,C_Europe,7.548500882,6830.705073,3.834465534,69.65631754
Slovakia,2005,9.492,39.291,48.783,8.53,16.375,16572.06371,C_Europe,2.709084946,6917.860467,3.839971798,68.87204287
Slovakia,2006,9.864,37.969,47.833,9.696,13.46667,18804.57776,C_Europe,4.483331204,7123.537771,3.852695731,68.54642432
Slovakia,2007,9.881,37.727,47.608,9.966,11.23333,21075.41399,C_Europe,2.756723716,7137.824175,3.853565846,68.21188325
Slovakia,2008,10.532,35.828,46.36,10.493,9.575,23574.93219,C_Europe,4.598179763,6920.244039,3.84012141,68.88101017
Slovakia,2009,9.705,36.012,45.717,8.533,12.11667,22921.66236,C_Europe,1.615104641,6104.421845,3.785644538,68.43251574
Slovakia,2010,9.432,35.828,45.26,8.746,14.49167,24809.25482,C_Europe,0.957018133,6510.841884,3.813637149,68.65014233
Slovakia,2011,9.894,36.556,46.45,8.406,13.68333,25836.33899,C_Europe,3.919285991,6753.073664,3.829501487,68.70656283
Slovakia,2012,10.304,34.883,45.187,8.323,13.96667,26654.00879,C_Europe,3.606102635,6718.975052,3.827303029,69.4209261
Slovakia,2013,9.561,34.321,43.882,9.444,14.225,27899.62134,C_Europe,1.40047369,6779.280887,3.831183628,69.84625259
Slovakia,2014,9.607,34.123,43.73,10.55,13.20833,28928.17644,C_Europe,-0.07616533,6727.999302,3.827885938,70.25833634
Slovakia,2015,9.691,33.691,43.382,11.474,11.49167,29529.97772,C_Europe,-0.325219777,6698.034158,3.825947358,70.90657537
Slovenia,1995,14.985,38.69,53.675,1.333,7.2,13563.21512,C_Europe,13.46293416,3881.024437,3.588946377,
Slovenia,1996,15.681,39.121,54.802,2.392,6.891667,14260.01214,C_Europe,9.792284866,4280.71094,3.631515903,
Slovenia,1997,15.995,37.551,53.546,2.779,6.916667,15261.01839,C_Europe,8.361769724,4651.628883,3.667605058,
Slovenia,1998,15.189,38.326,53.515,2.642,7.366667,16021.79556,C_Europe,7.913346816,4436.174407,3.647008612,
Slovenia,1999,14.697,39.349,54.046,3.052,7.408333,17061.43655,C_Europe,6.14945348,4878.833384,3.688315987,
Slovenia,2000,15.032,37.589,52.621,3.115,6.741667,18043.18127,C_Europe,8.878803678,5906.959333,3.771363981,67.47546559
Slovenia,2001,15.267,36.25,51.517,3.352,6.191667,18972.10764,C_Europe,8.422484628,6309.203405,3.799974529,68.10577899
Slovenia,2002,15.069,36.681,51.75,4.133,6.341667,20299.93324,C_Europe,7.470087529,6673.937704,3.824382149,67.8078109
Slovenia,2003,15.015,36.735,51.75,4.561,6.7,21126.39378,C_Europe,5.578801861,6977.317662,3.843688496,67.12367206
Slovenia,2004,15.044,35.848,50.892,5.048,6.341667,22782.05911,C_Europe,3.589026796,7390.794147,3.868691106,69.78672457
Slovenia,2005,14.292,35.129,49.421,7.163,6.541667,23941.23464,C_Europe,2.477454396,7796.314674,3.89188936,70.66679845
Slovenia,2006,15.026,34.728,49.754,7.745,5.991667,25753.91817,C_Europe,2.462561564,8039.796283,3.905245044,70.89212603
Slovenia,2007,14.729,34.964,49.693,8.568,4.858333,27590.77917,C_Europe,3.611165333,8462.206543,3.927483621,71.30322309
Slovenia,2008,15.794,35.631,51.425,6.76,4.391667,29614.5876,C_Europe,5.65184627,8772.287463,3.943112855,71.77908511
Slovenia,2009,15.779,36.684,52.463,4.979,5.891667,27444.2593,C_Europe,0.855920114,8877.574933,3.948294347,71.8452215
Slovenia,2010,15.1,37.338,52.438,4.994,7.266667,27763.19199,C_Europe,1.840965347,9716.126081,3.987493142,71.49733602
Slovenia,2011,15.28,37.673,52.953,4.539,8.208333,28804.7273,C_Europe,1.810579921,10129.95709,4.005607606,70.26468529
Slovenia,2012,15.402,38.484,53.886,3.362,8.891666,28906.32874,C_Europe,2.598297643,10305.32898,4.01306186,70.40533176
Slovenia,2013,14.011,40.437,54.448,3.282,10.14167,29802.65341,C_Europe,1.760351239,10384.62216,4.0163907,70.50638472
Slovenia,2014,14.006,40.415,54.421,3.884,9.733334,30856.80321,C_Europe,0.200074858,10496.51367,4.021045076,70.89788856
Slovenia,2015,14.017,39.978,53.995,4.027,9,31471.87859,C_Europe,-0.518126124,10206.5096,4.008877248,71.75343108
South_Korea,1995,18.109,40.715,58.824,11.649,2.066667,13295.51704,E_Asia,4.479695431,3917.324643,3.592989565,64.85693087
South_Korea,1996,17.122,41.682,58.804,11.063,2.058333,14428.17143,E_Asia,4.923429226,4008.939416,3.603029493,65.0890957
South_Korea,1997,16.074,42.732,58.806,9.87,2.616667,15399.08584,E_Asia,4.446869458,4324.420646,3.635927932,65.51173209
South_Korea,1998,18.779,37.93,56.709,11.432,6.95,14608.68373,E_Asia,7.512080449,4479.047315,3.65118565,63.76591592
South_Korea,1999,15.659,40.247,55.906,8.924,6.583333,16392.69505,E_Asia,0.81144773,4820.675034,3.683107856,63.75149857
South_Korea,2000,14.637,38.351,52.988,14.139,4.425,18083.1268,E_Asia,2.265333173,5167.809673,3.713306511,64.43368923
South_Korea,2001,14.116,39.611,53.727,12.266,4,19184.45252,E_Asia,4.066419648,5422.51569,3.734200817,64.84738458
South_Korea,2002,12.728,38.73,51.458,12.744,3.258333,20774.99003,E_Asia,2.762511352,5576.546265,3.74636531,65.57817266
South_Korea,2003,12.623,37.034,49.657,15.286,3.55,21374.64405,E_Asia,3.514879242,5676.140491,3.754053136,65.39348347
South_Korea,2004,13.573,36.187,49.76,14.256,3.658333,22946.99362,E_Asia,3.590591391,5892.307411,3.770285397,66.12036692
South_Korea,2005,13.297,34.262,47.559,15.934,3.75,24196.20341,E_Asia,2.754090201,6111.219223,3.786127863,66.28149052
South_Korea,2006,15.2,32.532,47.732,14.308,3.475,25827.9503,E_Asia,2.241847104,6105.075849,3.785691064,66.20918682
South_Korea,2007,16.737,31.272,48.009,15.069,3.258333,27822.65326,E_Asia,2.534846871,6054.374438,3.782069277,66.16618076
South_Korea,2008,15.029,31.63,46.659,15.947,3.175,28655.81293,E_Asia,4.673795957,6025.772757,3.78001275,65.9983219
South_Korea,2009,14.112,31.808,45.92,14.354,3.633333,28320.22437,E_Asia,2.756686477,5652.595933,3.752247942,65.43995414
South_Korea,2010,14.224,33.709,47.933,13.788,3.708333,30376.94049,E_Asia,2.939181359,5706.563063,3.756374621,65.82170565
South_Korea,2011,14.693,31.235,45.928,15.391,3.408333,31228.28432,E_Asia,4.02584625,5599.377374,3.748139738,66.15755899
South_Korea,2012,14.995,31.172,46.167,14.871,3.225,32097.07001,E_Asia,2.187221208,5573.401182,3.746120305,66.41740389
South_Korea,2013,15.349,30.725,46.074,13.958,3.1,32615.7034,E_Asia,1.301377058,5409.411338,3.733150007,66.607512
South_Korea,2014,16.271,29.951,46.222,12.833,3.491667,33587.35769,E_Asia,1.274799694,5355.987006,3.728839515,67.82728202
South_Korea,2015,17.177,28.033,45.21,13.099,3.591667,35203.69758,E_Asia,0.706962879,5528.947992,3.742642505,68.29982954
Spain,1995,23.545,29.052,52.597,5.741,20.75,16219.25424,W_Europe,4.674753058,15475.01348,4.189631036,62.55827192
Spain,1996,23.659,28.896,52.555,6.032,19.89167,16914.81427,W_Europe,3.558506581,15434.23039,4.188484979,63.23934883
Spain,1997,21.12,29.254,50.374,8.035,18.39167,17863.91971,W_Europe,1.970708492,15410.69913,4.187822342,63.91177333
Spain,1998,20.961,29.959,50.92,7.474,16.40833,19018.23275,W_Europe,1.83353706,15522.1335,4.190951414,64.49414165
Spain,1999,19.565,30.648,50.213,8.258,13.6,19915.64327,W_Europe,2.310672196,15470.86807,4.189514683,65.27315054
Spain,2000,19.179,29.958,49.137,9.128,11.91667,21537.62536,W_Europe,3.43261428,15681.61527,4.195390795,66.69658988
Spain,2001,19.781,29.232,49.013,8.423,10.55833,22977.31616,W_Europe,3.591100876,16020.98031,4.204689087,65.76600949
Spain,2002,20.097,28.319,48.416,9.276,11.44167,24367.74311,W_Europe,3.066777271,15709.42967,4.196160418,67.67605894
Spain,2003,18.618,28.765,47.383,9.322,11.49167,25049.17356,W_Europe,3.03988488,15360.17889,4.186396274,69.08704473
Spain,2004,18.309,28.573,46.882,10.156,10.95833,26227.78369,W_Europe,3.037486218,15420.97314,4.188111781,69.97384241
Spain,2005,18.325,28.272,46.597,10.989,9.166667,27696.44668,W_Europe,3.369714479,15430.96395,4.188393057,71.08222766
Spain,2006,19.196,27.263,46.459,11.509,8.458333,30844.81247,W_Europe,3.515374911,15262.58727,4.18362816,72.12945531
Spain,2007,20.426,25.617,46.043,12.981,8.225,32584.783,W_Europe,2.787030473,15257.93575,4.183495782,72.81102799
Spain,2008,21.607,25.187,46.794,8.889,11.26667,33442.50046,W_Europe,4.075660764,14869.34898,4.172291954,73.78940013
Spain,2009,22.014,23.216,45.23,7.812,17.86667,32381.98171,W_Europe,-0.287996835,14143.01101,4.150541879,74.12807035
Spain,2010,21.894,27.193,49.087,6.213,19.88333,31964.11571,W_Europe,1.79988133,14934.32696,4.174185655,74.55392973
Spain,2011,22.875,26.61,49.485,5.981,21.40833,32072.68837,W_Europe,3.196146412,14030.16315,4.147062721,74.92485925
Spain,2012,23.009,27.27,50.279,6.845,24.79167,31992.80352,W_Europe,2.446000185,14289.59509,4.155019923,75.28467727
Spain,2013,22.622,28.745,51.367,6.411,26.11667,32622.65998,W_Europe,1.408546292,13870.38991,4.14208867,75.31136549
Spain,2014,22.419,28.998,51.417,6.165,24.45,33728.36272,W_Europe,-0.150870313,13480.14822,4.129694667,75.2642239
Spain,2015,21.268,29.663,50.931,7.036,22.075,34844.14437,W_Europe,-0.500461321,14120.92467,4.149863136,75.45164008
Sweden,1995,33.472,28.14,61.612,5.796,8.8,22788.11124,,2.52841957,7283.380159,3.862332979,79.51829047
Sweden,1996,33.779,26.179,59.958,5.336,9.558333,23600.15959,N_Europe,0.470973017,7393.539173,3.868852378,79.54135067
Sweden,1997,33.506,25.625,59.131,5.838,9.891666,24452.5401,N_Europe,0.517594974,7341.612373,3.865791451,78.69502523
Sweden,1998,33.536,24.942,58.478,5.42,8.2,25483.33506,N_Europe,-0.136019172,7481.433547,3.873984823,78.12331476
Sweden,1999,34.669,24.536,59.205,5.763,6.733333,27148.29607,N_Europe,0.454014788,7646.706162,3.883474402,78.49462366
Sweden,2000,33.236,24.769,58.005,7.528,5.6,29275.86927,N_Europe,1.037254649,7845.634548,3.894628075,78.97001071
Sweden,2001,32.115,25.756,57.871,5.611,5.825,29658.51385,N_Europe,2.405958341,7992.277576,3.902670559,79.41072062
Sweden,2002,30.877,26.906,57.783,4.71,5.95,30587.6195,N_Europe,2.158482136,8031.432226,3.904792999,79.32427664
Sweden,2003,31.69,26.702,58.392,4.985,6.566667,31470.71001,N_Europe,1.925655349,8195.120835,3.913555362,79.02244826
Sweden,2004,31.792,26.136,57.928,6.269,7.375,33540.13481,N_Europe,0.373659829,8205.829119,3.914122469,78.87331311
Sweden,2005,31.554,26.076,57.63,7.526,7.641667,33967.08265,N_Europe,0.453170853,8305.371102,3.919359042,80.24575816
Sweden,2006,31.865,26.071,57.936,7.53,7.041667,37423.17798,N_Europe,1.360214686,8360.576135,3.922236206,80.3076078
Sweden,2007,30.875,26.579,57.454,7.82,6.116667,40572.72356,N_Europe,2.212168834,8163.295576,3.911865522,79.11875066
Sweden,2008,29.76,27.68,57.44,6.415,6.166667,41853.86487,N_Europe,3.437049106,8305.923042,3.919387903,79.34007164
Sweden,2009,28.788,28.862,57.65,6.417,8.3,39645.72089,N_Europe,-0.494460544,8021.223604,3.904240623,78.88629641
Sweden,2010,27.863,29.328,57.191,7.611,8.575,41628.08825,N_Europe,1.157988027,8174.408162,3.912456319,79.0454188
Sweden,2011,27.529,29.104,56.633,7.273,7.766667,43755.12286,N_Europe,2.961150738,7928.19067,3.899174086,79.93716044
Sweden,2012,28.033,28.918,56.951,6.044,7.966667,44724.85125,N_Europe,0.888377507,7886.094306,3.896861966,80.30275755
Sweden,2013,28.377,28.555,56.932,6.178,8,45673.0733,N_Europe,-0.04429297,7807.058815,3.892487451,81.09336318
Sweden,2014,28.601,28.378,56.979,6.33,7.933333,46524.23047,N_Europe,-0.179638494,7520.166025,3.876227429,81.51003024
Sweden,2015,29.055,28.137,57.192,6.865,7.4,47891.20938,N_Europe,-0.046784745,7863.183596,3.895598416,81.73473016
Switzerland,1995,33.907,21.478,55.385,6.691,3.3,29669.55856,N_Europe,1.798718961,5575.808489,3.746307849,79.4103596
Switzerland,1996,33.765,20.789,54.554,6.645,3.7,30284.0041,W_Europe,0.818824341,5815.828404,3.764611584,79.98746646
Switzerland,1997,33.554,20.97,54.524,7.144,4.2,31524.39034,W_Europe,0.52150124,5831.957547,3.765814354,80.25523711
Switzerland,1998,31.444,21.175,52.619,7.282,3.6,32613.25804,W_Europe,0.017009696,5908.87149,3.771504545,81.00247922
Switzerland,1999,31.923,22.644,54.567,8.337,3.1,33505.30114,W_Europe,0.824829932,6007.484416,3.778692653,80.9121743
Switzerland,2000,29.755,22.129,51.884,8.915,2.7,35428.54943,W_Europe,1.543392089,6114.529259,3.786363028,80.51600423
Switzerland,2001,31.037,22.823,53.86,10.096,2.5,36552.82199,W_Europe,0.9890204,6141.982551,3.788308578,81.19719834
Switzerland,2002,32.042,22.16,54.202,8.664,2.9,37466.38184,W_Europe,0.642699253,6142.749834,3.788362829,81.31044391
Switzerland,2003,32.859,22.942,55.801,8.387,4.1,37460.72438,W_Europe,0.63834928,6174.550896,3.790605375,81.34177597
Switzerland,2004,32.692,23.316,56.008,8.209,4.3,38927.08967,W_Europe,0.802903084,6138.754137,3.78808024,80.96429907
Switzerland,2005,32.585,23.308,55.893,8.433,4.4,40326.87635,W_Europe,1.171971667,6270.984059,3.797335697,80.85155427
Switzerland,2006,31.483,23.096,54.579,10.384,4,44865.23766,W_Europe,1.05877759,6200.554113,3.792430502,81.2432844
Switzerland,2007,31.683,22.48,54.163,10.753,3.7,49491.6747,W_Europe,0.732636421,6102.396768,3.785500441,81.61866909
Switzerland,2008,31.086,22.739,53.825,11.116,3.4,52362.64918,W_Europe,2.426637033,6015.726861,3.779288109,82.3119051
Switzerland,2009,31.821,22.25,54.071,10.381,4.1,51555.31268,W_Europe,-0.48057991,5643.128595,3.751519947,82.49353442
Switzerland,2010,31.909,23.104,55.013,10.121,4.807282,52911.37474,W_Europe,0.698510114,5700.855864,3.755940061,81.29963427
Switzerland,2011,30.989,22.6,53.589,10.382,4.406741,56183.81787,W_Europe,0.23134621,5471.924132,3.738140067,82.05104421
Switzerland,2012,31.602,22.97,54.572,10.379,4.48394,57849.60172,W_Europe,-0.692544621,5449.252201,3.736336908,82.28598201
Switzerland,2013,31.176,22.722,53.898,10.365,4.746688,60108.54053,W_Europe,-0.217319662,5409.630386,3.733167593,82.39812814
Switzerland,2014,30.964,22.431,53.395,10.37,4.829303,61902.16174,W_Europe,-0.013186044,5129.527793,3.710077387,82.88102449
Switzerland,2015,31.126,21.782,52.908,10.829,4.80018,63648.30306,W_Europe,-1.143915069,5432.238076,3.734978795,83.28790935
USA,1995,36.284,18.12,54.404,9.248,5.608333,28748.70587,N America,2.805419689,12659.60763,4.102420245,76.87286478
USA,1996,37.827,17.414,55.241,9.323,5.416667,30032.55671,N America,2.9312042,12854.29891,4.109048395,77.0638996
USA,1997,39.007,17.001,56.008,9.183,4.95,31537.87396,N America,2.337689937,12889.83228,4.110247266,77.36701257
USA,1998,40.384,16.703,57.087,8.419,4.508333,32913.40339,N America,1.552279099,13154.76303,4.119083029,77.36380243
USA,1999,40.855,16.527,57.382,8.302,4.216667,34585.23313,N America,2.188027197,13281.86998,4.123259224,77.23156976
USA,2000,42.218,16.149,58.367,7.906,3.991667,36419.44702,N America,3.376857271,13671.05202,4.135801936,77.19905533
USA,2001,42.545,16.441,58.986,5.769,4.733333,37240.15777,N America,2.826171119,13046.61415,4.115497818,76.81139449
USA,2002,38.047,17.848,55.895,5.728,5.775,38122.32467,N America,1.586031627,13296.1823,4.123726961,76.39990858
USA,2003,35.327,18.422,53.749,7.469,5.991667,39606.47017,N America,2.270094973,13307.49201,4.124096214,75.81921388
USA,2004,34.303,18.38,52.683,9.063,5.533333,41856.5242,N America,2.677236693,13388.58971,4.126734833,75.44516792
USA,2005,35.353,17.714,53.067,11.027,5.066667,44236.60695,N America,3.392746845,13704.57705,4.136865637,75.40808527
USA,2006,36.416,17.217,53.633,11.51,4.616667,46368.98714,N America,3.225944101,13583.26696,4.133004236,75.54049927
USA,2007,38.304,16.813,55.117,9.984,4.616667,47987.49403,N America,2.852672482,13657.45283,4.135369709,75.30106318
USA,2008,39.672,17.111,56.783,6.596,5.775,48330.06177,N America,3.839100297,13663.42797,4.135559672,75.2911619
USA,2009,34.315,18.418,52.733,5.983,9.266666,46929.88869,N America,-0.355546266,12913.71469,4.111051187,74.62424736
USA,2010,34.828,18.328,53.156,7.596,9.616667,48303.17526,N America,1.640043442,13393.99128,4.126910012,73.90784683
USA,2011,38.793,18.514,57.307,7.392,8.95,49718.77583,N America,3.156841569,13242.48711,4.121969559,73.2918105
USA,2012,38.503,18.37,56.873,8.414,8.066667,51388.15753,N America,2.069337265,12959.20384,4.112578321,73.10541367
USA,2013,38.865,17.538,56.403,8.265,7.375,52726.31559,N America,1.464832656,12998.062,4.113878604,72.81069082
USA,2014,39.278,17.309,56.587,8.814,6.166667,54651.3624,N America,1.622222977,12986.7407,4.113500169,72.69677369
USA,2015,40.53,16.987,57.517,8.522,5.291667,56420.41517,N America,0.118627136,13116.09699,4.117804619,72.60601195
